DATE,NEWYORK,NASDAQ,SHANGHAI,EURONEXT,JAPAN,SHENZHEN,HONGKONG,INDIA,SAUDI,LONDON,TORONTO,SWISS,DEUTSCHE,NASDAQNOR,AUSTRALIA,KOREA,TAIWAN,JOBURG,BRAZIL
2022-01-04,17336.75977,15622.71973,3632.330078,86.042511,2469.397217,2469.397217,439.309235,17805.25,11358.58,6979.512207,21236.5,12900.96973,143.69397,2456.169922,89.476875,2989.23999,18526.34961,6.727746,10.552873
2022-01-05,17112.59961,15100.16992,3595.179932,86.042511,2485.085205,2485.085205,430.124359,17925.25,11427.73,7098.009766,21039.69922,12906.37012,144.135193,2442.810059,88.720078,2953.969971,18499.96094,6.319442,10.331216
2022-01-06,17156.51953,15080.86035,3586.080078,86.383949,2426.745361,2426.745361,425.043365,17745.90039,11452.98,6941.988281,21072.19922,12792.28027,143.988129,2442.810059,86.993027,2920.530029,18367.91992,6.718467,10.581784
2022-01-07,17166.2793,14935.90039,3579.540039,83.701218,2433.608887,2433.608887,439.11377,17812.69922,11452.98,6979.512207,21084.5,12797.94043,142.713455,2400.949951,87.982681,2954.889893,18169.75977,6.718467,10.832355
2022-01-10,17119.56055,14942.83008,3593.52002,83.018341,2433.608887,2433.608887,447.712372,18003.30078,11675.81,7082.209961,21072.30078,12597.34961,143.939102,2352.72998,87.778938,2926.719971,18239.38086,6.718467,10.774533
2022-01-11,17294.53906,15153.4502,3567.439941,83.262222,2453.218994,2453.218994,442.24054,18055.75,11845.46,7147.383789,21274.80078,12709.70996,146.047195,2379.189941,87.672203,2927.379883,18288.21094,6.90406,10.803445
2022-01-12,17353.75977,15188.38965,3597.429932,83.993881,2502.243896,2502.243896,451.22995,18212.34961,11965.23,7269.831055,21395,12670.46973,148.253342,2399.179932,89.292526,2972.47998,18375.40039,6.90406,11.188938
2022-01-13,17259.01953,14806.80957,3555.26001,84.091431,2465.475098,2465.475098,446.148987,18257.80078,12107.24,7329.080566,21293,12620.44043,151.587097,2397.959961,89.476875,2962.090088,18436.92969,6.90406,11.169662
2022-01-14,17219.06055,14893.75,3521.26001,82.823235,2422.333008,2422.333008,442.435944,18255.75,12107.24,7331.055176,21357.59961,12525.62988,150.998779,2358.290039,88.487213,2921.919922,18403.33008,6.90406,11.776814
2022-01-17,17219.06055,14893.75,3541.669922,82.676903,2413.998779,2413.998779,440.48172,18308.09961,12174.52,7338.955078,21537.5,12633.20996,152.665649,2363.120117,88.807404,2890.100098,18525.43945,6.90406,11.911736
2022-01-18,16950.91016,14506.90039,3569.909912,83.018341,2416.940186,2416.940186,442.24054,18113.05078,12186.3,7331.055176,21274.59961,12529.55957,153.155899,2322.800049,88.923836,2864.23999,18378.64063,6.746306,11.86355
2022-01-19,16818.98047,14340.25977,3558.179932,84.091431,2289.475098,2289.475098,445.953552,17938.40039,12274.27,7346.85498,21205.19922,12525.69043,155.067902,2332.959961,87.099747,2842.280029,18227.46094,6.90406,11.815364
2022-01-20,16663.76953,14154.01953,3555.060059,85.310852,2318.399902,2318.399902,463.346161,17757,12276.16,7449.552734,21058.19922,12560.7002,158.205551,2354.51001,85.333885,2862.679932,18218.2793,6.91334,12.76946
2022-01-21,16397.33984,13768.91992,3522.570068,84.335312,2339.480469,2339.480469,469.795044,17617.15039,12276.16,7437.703125,20621.40039,12355.54004,159.578247,2314.060059,82.258179,2834.290039,17899.30078,7.117492,13.145314
2022-01-24,16413.9707,13855.12988,3524.110107,81.31115,2302.221436,2302.221436,462.564453,17149.09961,12051.95,7269.831055,20571.30078,11881.29981,157.028915,2223.98999,81.278221,2792,17989.03906,7.043255,12.586349
2022-01-25,16340.32031,13539.29004,3433.060059,82.042801,2235.056885,2235.056885,457.09259,17277.94922,12119.35,7317.230469,20591,11945.69043,152.665649,2239.719971,79.279495,2720.389893,17701.11914,7.098933,12.83692
2022-01-26,16236.50977,13542.12012,3455.669922,82.579353,2234.076416,2234.076416,450.839081,17277.94922,12156.23,7133.559082,20595.90039,12098.25977,152.02832,2286.110107,79.279495,2709.23999,17674.40039,6.690628,13.280237
2022-01-27,16152.12012,13352.78027,3394.25,81.506256,2230.154541,2230.154541,444.97644,17110.15039,12218.81,6870.88916,20544.09961,12176.90039,153.008835,2270.120117,78.658539,2614.48999,17674.40039,7.136051,13.935575
2022-01-28,16397.85938,13770.57031,3361.439941,81.213593,2217.898193,2217.898193,426.411316,17101.94922,12218.81,6890.638672,20741.80078,12104.44043,151.685135,2266.820068,80.899818,2663.340088,17674.40039,6.876221,14.20542
2022-01-31,16659.76953,14239.87988,3361.439941,83.213455,2305.65332,2305.65332,429.928925,17339.84961,12310.14,7129.609375,21098.30078,12226.7002,154.136414,2290.159912,80.715485,2663.340088,17674.40039,7.256687,14.089772
2022-02-03,16677.39063,13878.82031,3361.439941,83.408554,2311.046143,2311.046143,429.928925,17560.19922,12179.84,7103.93457,21094,12234.15039,151.341965,2277.669922,81.802162,2707.820068,17674.40039,7.256687,13.627181
2022-02-04,16701.58008,14098.00977,3361.439941,83.457336,2304.182373,2304.182373,432.469421,17516.30078,12179.84,7054.560547,21271.90039,12140.25,152.910767,2254.300049,82.044724,2750.26001,17674.40039,7.024695,13.617543
2022-02-07,16722.75977,14015.66992,3429.580078,82.189133,2344.383057,2344.383057,435.400757,17213.59961,12258.41,7098.009766,21235.5,12193.80957,154.479599,2278.639893,81.734245,2745.060059,17900.30078,7.024695,13.203137
2022-02-08,16853.71094,14194.4502,3452.629883,81.31115,2297.318848,2297.318848,431.49234,17266.75,12240.4,6888.664063,21377.19922,12155.66016,154.038376,2274.399902,83.238136,2746.469971,17966.56055,7.17317,13.058579
2022-02-09,17069.66016,14490.37012,3479.949951,82.579353,2310.065674,2310.065674,439.504608,17463.80078,12203.52,7096.034668,21604.19922,12367.82031,155.362045,2313.139893,84.130775,2768.850098,18151.75977,7.507237,13.646455
2022-02-10,16855.96094,14185.63965,3485.909912,82.62812,2279.179688,2279.179688,439.504608,17605.84961,12182.54,7088.134766,21531.69922,12313.16016,153.69519,2314.26001,80.92894,2771.929932,18338.05078,7.293806,13.588631
2022-02-11,16664.99023,13791.15039,3462.949951,80.481941,2279.179688,2279.179688,434.22821,17374.75,12182.54,6949.887695,21548.80078,12231.96973,154.626663,2293.77002,79.851952,2747.709961,18310.93945,7.293806,13.41516
2022-02-14,16531.31055,13790.91992,3428.879883,80.628273,2274.767334,2274.767334,427.388458,16842.80078,12187.51,6787.940918,21352.5,12026.37012,154.626663,2240.969971,80.453506,2704.47998,17997.66992,7.247407,13.607905
2022-02-15,16745.83008,14139.75977,3446.090088,80.774605,2243.391113,2243.391113,427.193024,17352.44922,12362.75,6843.240234,21502.59961,12181.86035,156.146469,2282.060059,79.706413,2676.540039,17951.81055,7.247407,14.070498
2022-02-16,16770.35938,14124.08984,3465.830078,80.384392,2273.296631,2273.296631,429.538086,17322.19922,12519.46,6797.81543,21383.59961,12191.57031,155.950363,2263.409912,79.589981,2729.679932,18231.4707,7.247407,14.06086
2022-02-17,16492.05078,13716.71973,3468.040039,79.847839,2210.054199,2210.054199,427.388458,17304.59961,12530.44,6669.442871,21176.30078,12075.26953,154.67569,2229.149902,79.599686,2744.090088,18268.57031,7.637152,13.685004
2022-02-18,16392.32031,13548.07031,3490.76001,78.823524,2203.680908,2203.680908,424.261688,17276.30078,12530.44,6537.121094,21008.19922,12010.08984,153.302994,2197.719971,79.473557,2744.52002,18232.34961,7.637152,13.752466
2022-02-22,16215.62012,13381.51953,3457.149902,77.79921,2166.911865,2166.911865,408.627899,17092.19922,12530.44,6438.373047,20907.80078,11959.38965,151.587097,2157.919922,80.463211,2706.790039,17969.28906,7.609313,13.868114
2022-02-23,16019.58008,13037.49023,3489.149902,77.116333,2166.911865,2166.911865,407.650818,17063.25,12269.27,6458.122559,20744.19922,11941.88965,149.528015,2142.030029,82.364906,2719.530029,18055.73047,7.609313,14.06086
2022-02-24,15995.99023,13473.58984,3429.959961,77.604103,2105.630615,2105.630615,385.568115,16247.9502,12497.38,6302.100586,20761.90039,11636.75977,149.233856,2078.060059,79.958687,2648.800049,17594.55078,7.609313,14.16687
2022-02-25,16427.96094,13694.62012,3451.409912,77.79921,2131.614014,2131.614014,381.073364,16658.40039,12497.38,6394.923828,21106,11987.30957,149.233856,2141.52002,79.822838,2676.76001,17652.17969,7.479399,14.051224
2022-02-28,16313.88965,13751.40039,3462.310059,78.872299,2117.886963,2117.886963,368.957214,16793.90039,12594.7,6491.696777,21126.40039,11986.78027,149.724106,2134.070068,79.881058,2699.179932,17652.17969,6.783424,14.051224
2022-03-01,16069.16016,13532.45996,3488.830078,78.043091,2135.535889,2135.535889,367.393829,16793.90039,12700.03,6292.225586,21004.5,11862.28027,144.576431,2084.929932,79.77433,2699.179932,17898.25,7.052534,14.051224
2022-03-02,16380.91016,13752.01953,3484.189941,77.555321,2097.296387,2097.296387,355.473053,16605.94922,12724.96,6290.250488,21255.59961,11871.58984,143.399811,2096.530029,80.191544,2703.52002,17867.59961,7.052534,13.800653
2022-03-03,16287.49023,13537.94043,3481.110107,77.652878,2098.766846,2098.766846,354.88681,16498.05078,12841.83,6896.563965,21250.40039,11675.7002,142.811508,2048.51001,78.807877,2747.080078,17934.40039,7.052534,14.234333
2022-03-04,16129.66016,13313.44043,3447.649902,75.701797,2089.942627,2089.942627,347.656158,16245.34961,12841.83,7163.183105,21402.40039,11300.12988,138.154068,1985.540039,78.325661,2713.429932,17736.51953,6.866941,13.916301
2022-03-07,15708.23047,12830.95996,3372.860107,76.482231,2048.270996,2048.270996,332.217834,15863.15039,12795.88,7279.706055,21304.40039,11204.66992,137.761871,1980.349976,78.178047,2651.310059,17178.68945,6.532874,13.395885
2022-03-08,15625.92969,12795.54981,3293.530029,73.7995,2077.195801,2077.195801,332.608673,16013.4502,12864.11,6894.588867,21232,11057.05957,134.232025,1972.040039,78.128838,2622.399902,16825.25,6.727746,13.12604
2022-03-09,15977.54004,13255.54981,3256.389893,78.628418,2101.70874,2101.70874,325.466217,16345.34961,12734.64,7180.958008,21493.19922,11493.36035,141.830994,2041.619995,78.207565,2622.399902,17015.35938,6.727746,13.299512
2022-03-10,15929.55957,13129.95996,3296.090088,77.994316,2203.190674,2203.190674,334.369537,16594.90039,12725.43,7224.407227,21581.69922,11391.09961,141.242691,2038.920044,79.093269,2680.320068,17433.19922,6.727746,12.827284
2022-03-11,15753.7002,12843.80957,3309.75,79.799065,2143.379883,2143.379883,342.877167,16630.44922,12725.43,7346.85498,21461.80078,11495.69043,143.056625,2070.800049,77.745033,2661.280029,17264.74023,6.727746,12.779096
2022-03-14,15694.34961,12581.21973,3223.530029,82.042801,2105.140381,2105.140381,329.818939,16871.30078,12458.87,7621.374512,21180.80078,11678.94043,149.675079,2096.439941,79.614853,2645.649902,17263.03906,7.42372,12.779096
2022-03-15,15895.66992,12948.62012,3063.969971,81.994026,2115.435547,2115.435547,318.937103,16663,12459.8,7568.050293,21187.80078,11682.21973,151.587097,2085.080078,78.394554,2621.530029,16926.06055,7.154611,12.817645
2022-03-16,16261.5,13436.54981,3170.709961,84.091431,2162.98999,2162.98999,356.528931,16975.34961,12719.76,7805.045898,21468.80078,11900.95996,158.989944,2167.149902,81.012291,2659.22998,16940.83008,7.015416,13.106766
2022-03-17,16483.58008,13614.78027,3215.040039,82.433014,2204.661377,2204.661377,378.490509,17287.05078,12836.39,7712.222656,21771.19922,12061.87012,156.097443,2159,79.605011,2694.51001,17448.2207,7.015416,13.395885
2022-03-18,16612.64063,13893.83984,3251.070068,84.579201,2207.112549,2207.112549,374.533478,17287.05078,12836.39,7860.344727,21818.5,12184.99023,157.911392,2178.820068,80.795784,2707.02002,17456.51953,7.052534,13.598269
2022-03-21,16606.66992,13838.45996,3253.689941,83.993881,2207.112549,2207.112549,370.180725,17117.59961,12851.03,7812.945801,22009.09961,12171.28027,157.617233,2181.050049,80.490715,2686.050049,17560.35938,7.535076,13.376611
2022-03-22,16735.48047,14108.82031,3259.860107,82.920784,2246.332764,2246.332764,375.918427,17315.5,12875.4,7814.920898,22074.40039,12202.62012,160.460709,2182.780029,80.69738,2710,17559.71094,7.433,14.09941
2022-03-23,16558.5293,13922.59961,3271.030029,80.628273,2335.558594,2335.558594,378.688324,17245.65039,12957.36,7743.822266,21932.19922,12099.5,156.293533,2155.639893,79.37867,2735.050049,17731.36914,7.89,14.224695
2022-03-24,16701.82031,14191.83984,3250.26001,79.408852,2340.460938,2340.460938,379.875458,17222.75,12916.1,7726.047363,21937.90039,12131.4502,155.754272,2134.159912,79.339302,2729.659912,17699.06055,8.05,14.34998
2022-03-25,16792.80078,14169.29981,3212.23999,79.408852,2363.50293,2363.50293,369.587158,17153,12916.1,7729.997559,22005.90039,12121.66992,159.038971,2106.52002,79.211365,2729.97998,17676.94922,8.01,14.770937
2022-03-28,16798.7207,14354.90039,3214.5,80.286835,2349.285645,2349.285645,368.400055,17222,13065.16,7765.546387,21977.80078,12155.9502,160.411697,2124.929932,79.545967,2729.560059,17520.00977,8.01,14.722157
2022-03-29,17014.75977,14619.63965,3203.939941,80.140503,2382.132568,2382.132568,368.004364,17325.30078,13096.78,7769.496582,22087.19922,12325.58008,161.147079,2154.379883,79.112953,2741.070068,17548.66016,8.01,15.161186
2022-03-30,16932.75977,14442.26953,3266.600098,81.116043,2302.218262,2302.218262,372.159241,17498.25,13029.14,7812.945801,22076,12243.73047,161.931473,2130.300049,80.254532,2746.73999,17740.56055,8.01,15.288017
2022-03-31,16670.91016,14220.51953,3252.199951,80.677048,2255.35498,2255.35498,367.410797,17464.75,13132.42,7866.269531,21890.19922,12161.53027,159.82338,2095.169922,80.500557,2757.649902,17693.4707,8.01,15.327044
2022-04-01,16787.75,14261.5,3282.719971,81.281883,2292.352295,2292.352295,362.068787,17670.44922,13132.42,7982.79248,21953,12179.08008,161.392212,2119.620117,79.860878,2739.850098,17625.58984,8.01,15.648999
2022-04-04,16829.75,14532.54981,3282.719971,80.73558,2278.046631,2278.046631,366.81723,18053.40039,13189.72,8038.091309,22085.59961,12340.87012,159.970459,2136.439941,81.081184,2757.899902,17625.58984,7.8,15.74656
2022-04-05,16645.05078,14204.16992,3282.719971,82.179375,2263.740967,2263.740967,366.81723,17957.40039,13198.42,8255.336914,21930.80078,12376.96973,164.922043,2132.52002,81.23864,2759.199951,17625.58984,7.58,15.444118
2022-04-06,16587.09961,13888.82031,3283.429932,81.340408,2252.395264,2252.395264,354.550415,17807.65039,13250.63,8282.986328,21788.59961,12320.09961,162.715881,2101.209961,81.376419,2735.030029,17522.5,7.57,15.483143
2022-04-07,16631.44922,13897.29981,3236.699951,82.218399,2230.196777,2230.196777,350.989075,17639.55078,13350.9,8328.411133,21834.90039,12372.45996,162.274658,2108.040039,80.69738,2695.860107,17178.63086,7.77,15.463631
2022-04-08,16689.94922,13711,3251.850098,83.428062,2225.75708,2225.75708,351.582642,17784.34961,13350.9,8397.533203,21874.40039,12507.69043,165.020096,2131.860107,81.327209,2700.389893,17284.53906,7.43,15.219726
2022-04-11,16534.19922,13411.95996,3167.129883,81.945251,2195.666016,2195.666016,339.513702,17674.94922,13500.72,8304.710938,21790.5,12528.61035,163.990555,2097.709961,81.376419,2693.100098,17048.36914,7.42,14.517277
2022-04-12,16465.99023,13371.57031,3213.330078,80.189278,2192.706299,2192.706299,339.711548,17530.30078,13648.97,8067.715332,21715.40039,12378.87012,163.206146,2102.199951,81.18943,2666.76001,16990.91016,7.42,14.000196
2022-04-13,16614.78906,13643.58984,3186.820068,79.408852,2195.666016,2195.666016,337.139465,17475.65039,13540.1,8014.391602,21838,12378.67969,162.764923,2098.580078,81.130386,2716.48999,17301.65039,7.25,14.058732
2022-04-14,16511.50977,13351.08008,3225.639893,80.579491,2164.094971,2164.094971,338.128723,17475.65039,13644.85,8047.96582,21855.69922,12475.08008,165.069122,2092.860107,80.923729,2716.709961,17245.65039,7.25,14.136783
2022-04-19,16658.90039,13619.66016,3194.030029,78.725967,2134.497314,2134.497314,327.444733,16958.65039,13552.67,7860.344727,22018.80078,12281.41992,160.607788,2097.889893,81.061501,2718.889893,16993.40039,7.25,14.185564
2022-04-20,16761.34961,13453.07031,3151.050049,78.979607,2118.71167,2118.71167,322.696289,17136.55078,13680.54,7996.617188,21998.40039,12310.16992,162.323685,2109.100098,81.405937,2718.689941,17148.88086,7.33,14.331908
2022-04-21,16499.33008,13174.65039,3079.810059,78.101624,2129.071045,2129.071045,319.332794,17392.59961,13491.86,7909.71875,21650.40039,12301.33008,162.323685,2126.439941,82.301483,2728.209961,17127.94922,7,14.331908
2022-04-22,16056.87012,12839.29004,3086.919922,77.750427,2100.952881,2100.952881,331.995331,17171.94922,13491.86,7915.643555,21186.40039,12258.33008,162.323685,2094.939941,81.218956,2704.709961,17025.08984,6.95,14.009952
2022-04-25,16054.75977,13004.84961,2928.51001,75.818863,2070.861816,2070.861816,319.926361,16953.94922,13585.58,7966.992676,21011.90039,12084.98047,160.754868,2050.639893,81.218956,2657.129883,16620.90039,6.95,13.775802
2022-04-26,15694.24023,12490.74023,2886.429932,75.253052,1987.001343,1987.001343,318.343536,17200.80078,13533.74,7982.79248,20690.80078,11933.28027,160.754868,2018.329956,80.795784,2668.310059,16644.78906,7.32,13.278234
2022-04-27,15741.82031,12488.92969,2958.280029,74.199471,1859.730591,1859.730591,317.947845,17038.40039,13708.73,7860.344727,20744.19922,12051.48047,160.754868,2048.689941,80.894196,2639.060059,16303.34961,7.03,13.180671
2022-04-28,16032.67969,12871.53027,2975.47998,73.926323,1925.339111,1925.339111,322.300568,17245.05078,13790.83,7842.412109,21121.09961,12068.41016,160.215576,2038.560059,83.403694,2667.48999,16419.38086,7.03,13.248965
2022-04-29,15615.25,12334.63965,3047.060059,74.745773,1925.339111,1925.339111,334.171692,17102.55078,13790.83,7886.24707,20762,12128.75977,162.961014,2058.899902,85.29319,2695.050049,16592.17969,7.03,12.97579
2022-05-06,15566.55957,12144.66016,3001.560059,71.097252,1899.194458,1899.194458,324.081268,16411.25,13790.83,7268.577148,20633.30078,11730.41992,160.509735,1962,83.197029,2644.51001,16408.19922,6.5,11.483088
2022-05-09,15057.87012,11623.25,3004.139893,68.89254,1865.650146,1865.650146,324.081268,16301.84961,13760.97,7023.501953,19999.69922,11444.17969,160.509735,1914.829956,82.183388,2644.51001,16048.91992,6.27,11.453818
2022-05-10,15025.74023,11737.66992,3035.840088,70.746063,1880.942383,1880.942383,322.102753,16240.04981,13493.01,7224.742676,19890.09961,11541.71973,158.156509,1943.109985,80.215164,2596.560059,16061.7002,6.67,11.287961
2022-05-11,14902.13965,11364.24023,3058.699951,69.86808,1864.170288,1864.170288,321.904877,16167.09961,13391.49,7192.862793,19837.30078,11553.66016,158.156509,1977.469971,80.82531,2592.27002,16006.25,6.74,11.014788
2022-05-12,14931.09961,11370.95996,3054.98999,70.492424,1840.985352,1840.985352,317.552155,15808,13017.07,7192.862793,19699.09961,11506.12988,158.842865,1973.47998,79.231049,2550.080078,15616.67969,6.76,11.609918
2022-05-13,15257.36035,11805,3084.280029,71.585022,1864.663574,1864.663574,325.070526,15782.15039,13017.07,7192.862793,20099.80078,11650.41992,158.842865,2011.329956,80.766266,2604.23999,15832.54004,6.49,11.1904
2022-05-16,15259.82031,11662.79004,3073.75,71.214325,1869.596558,1869.596558,322.696289,15842.29981,12937.48,7119.141113,20206.40039,11672.23047,158.940933,2004.48999,80.559601,2596.580078,15901.04004,6.49,11.1904
2022-05-17,15541.91016,11984.51953,3093.699951,71.955734,1838.518799,1838.518799,336.348053,16259.29981,12750.69,7296.472168,20491,11730.44043,161.049026,2027.339966,80.913879,2620.439941,16056.08984,6.59,11.609918
2022-05-18,15044.51953,11418.15039,3085.97998,74.726257,1826.679688,1826.679688,337.733032,16240.29981,12484.9,7198.840332,20101.40039,11579.13965,161,2002.540039,81.022133,2625.97998,16296.86035,6.6,11.26845
2022-05-19,15035.87012,11388.5,3096.959961,74.6092,1795.108643,1795.108643,327.444733,15809.40039,12536.22,7139.065918,20181.90039,11309.49023,164.199997,1992.400024,79.772308,2592.340088,16020.32031,6.6,11.522112
2022-05-20,15080.98047,11354.62012,3146.570068,76.970001,1859.730591,1859.730591,332.391022,16266.15039,12536.22,7242.674805,20197.59961,11308.98047,162.399994,1994.089966,81.691338,2639.290039,16144.84961,6.45,11.746506
2022-05-23,15342.95996,11535.26953,3146.860107,75.739998,1916.953125,1916.953125,327.840424,16214.7002,12251.21,7276.546875,20197.59961,11466.28027,162.699997,2018.869995,82.242439,2647.379883,16156.41016,6.65,11.805042
2022-05-24,15290.37988,11264.4502,3070.929932,76.419998,1885.875366,1885.875366,321.31131,16125.15039,12333.28,7278.539551,20286.19922,11483.55957,165.850006,2001.099976,81.18943,2605.870117,15963.62988,7.02,11.726994
2022-05-25,15412.19043,11434.74023,3107.459961,77.639999,1937.671631,1937.671631,321.113464,16025.79981,12655.7,7298.464355,20383.80078,11491.79981,165.850006,1981.819946,81.435463,2617.219971,16104.03027,6.7,11.619674
2022-05-26,15664,11740.65039,3123.110107,77.940002,1951.483887,1951.483887,321.707031,16170.15039,12633.85,7362.224121,20532.19922,11491.79981,163.75,1981.819946,80.687531,2612.449951,15968.83008,6.86,12.107487
2022-05-27,15942.62012,12131.12988,3130.23999,79.360001,1976.148804,1976.148804,327.246857,16352.4502,12633.85,7529.592285,20748.59961,11647.16992,163.75,2058.100098,80.264366,2638.050049,16266.21973,6.86,12.390416
2022-05-30,15942.62012,12131.12988,3149.060059,80.32,2039.78418,2039.78418,334.369537,16661.40039,12967.78,7559.479492,20919.40039,11736.25977,163.75,2075.280029,81.396095,2669.659912,16610.61914,6.86,12.487979
2022-05-31,15827.04981,12081.38965,3186.429932,80.599998,2006.239868,2006.239868,335.556671,16584.55078,12911.45,7374.178711,20729.30078,11611.37988,156.25,2042.640015,79.516441,2685.899902,16807.76953,7.31,12.458711
2022-06-01,15709.61035,11994.45996,3182.159912,78.959999,2027.45166,2027.45166,340.305084,16522.75,12766.2,7117.148438,20713.69922,11494.12012,154.350006,2041.26001,80.136429,2685.899902,16675.08984,6.8,12.195292
2022-06-02,15960.53027,12316.90039,3195.459961,78.5,2046.197021,2046.197021,338.326569,16628,12610.21,7117.148438,21031.80078,11550.2002,154.350006,2075.679932,79.36882,2658.98999,16552.57031,7.19,12.575786
2022-06-06,15848.4502,12061.37012,3236.370117,79.260002,2041.264038,2041.264038,343.866425,16569.55078,12832.04,7300.457031,20819.09961,11550.2002,156.399994,2075.679932,78.699623,2658.98999,16605.96094,7,11.980655
2022-06-07,16019.55957,12175.23047,3241.76001,78.440002,2034.851196,2034.851196,348.417023,16416.34961,12690.72,7099.216309,20928.19922,11534.17969,153.899994,2074.209961,76.170448,2626.340088,16512.88086,7.47,11.600163
2022-06-08,15843.83008,12086.26953,3263.790039,77.480003,2095.033447,2095.033447,357.320374,16356.25,12597.6,7071.321289,20792.40039,11467.38965,150.899994,2069.929932,77.843445,2626.149902,16670.50977,7.37,11.502599
2022-06-09,15472.45996,11754.23047,3238.949951,75.440002,2096.02002,2096.02002,351.582642,16478.09961,12530.66,7083.276367,20563.90039,11322.42969,150.550003,2044.060059,77.863129,2625.439941,16621.33984,7.37,11.658699
2022-06-10,15096.69043,11340.01953,3284.830078,75.699997,2077.274658,2077.274658,351.384796,16201.79981,12530.66,7025.494141,20274.80078,11084.62012,151.949997,1990.800049,77.213608,2595.870117,16460.11914,7.05,11.375768
2022-06-13,14527.90039,10809.23047,3255.550049,74.860001,2060.009277,2060.009277,338.326569,15774.40039,12038.42,6840.193359,19742.59961,10896.25,150.100006,1956.51001,77.213608,2504.51001,16070.98047,7.05,11.258694
2022-06-14,14444.63965,10828.34961,3288.909912,73.779999,2057.542725,2057.542725,337.930878,15732.09961,12036.02,6712.674316,19548.5,10699.07031,151.850006,1931.390015,76.288544,2492.969971,16047.37012,6.54,11.209912
2022-06-15,14595.23047,11099.15039,3305.409912,75.459999,2048.663574,2048.663574,351.582642,15692.15039,12029.14,7061.358887,19611.59961,10783.58984,154.350006,1946.859985,75.520935,2447.379883,15999.25,6.33,11.326987
2022-06-16,14142.19043,10646.09961,3285.379883,76.620003,2057.049561,2057.049561,345.053528,15360.59961,11668.14,7226.734863,19004.09961,10475.37012,154.300003,1890.329956,76.170448,2451.409912,15838.61035,6.39,11.326987
2022-06-17,14097.04981,10798.34961,3316.790039,75.360001,2037.810913,2037.810913,352.176208,15293.5,11668.14,7103.201172,18930.5,10451.30957,154,1884.27002,76.632988,2440.929932,15641.25977,6.59,11.170886
2022-06-20,14097.04981,10798.34961,3315.429932,75.040001,1998.840454,1998.840454,354.550415,15350.15039,11441.71,7051.396484,19183.59961,10485.91016,154.75,1895.23999,76.928215,2391.030029,15367.58008,6.59,11.26845
2022-06-21,14414.25,11069.29981,3306.719971,75.639999,2053.596436,2053.596436,360.288147,15638.79981,11641.56,7139.065918,19257.30078,10479.83984,154.75,1903.380005,77.272652,2408.929932,15728.63965,6.59,11.209912
2022-06-22,14352.78027,11053.08008,3267.199951,75.959999,2033.371216,2033.371216,355.935364,15413.29981,11348.21,7310.419434,19004,10528.33984,155.949997,1895.839966,78.443756,2342.810059,15347.75,5.95,11.366012
2022-06-23,14402.12012,11232.19043,3320.149902,76.620003,2029.918213,2029.918213,355.539673,15556.65039,11515.18,7435.945801,18717.09961,10453.30957,156.199997,1865.540039,80.254532,2314.320068,15176.44043,6.51,11.297719
2022-06-24,14811.54981,11607.62012,3349.75,77.599998,2040.770752,2040.770752,370.180725,15699.25,11515.18,7571.43457,19062.90039,10823.12012,157.300003,1865.540039,80.73674,2366.600098,15303.32031,6.74,11.317231
2022-06-27,14835.29981,11524.54981,3379.189941,78,2062.47583,2062.47583,395.901459,15832.04981,11425.5,7635.193848,19258.30078,10906.82031,158.949997,1924.839966,80.175797,2401.919922,15548.00977,6.74,11.317231
2022-06-28,14667.32031,11181.54004,3409.209961,78.199997,2065.928955,2065.928955,392.340118,15850.2002,11654.86,7718.878418,19222.69922,10809.57031,158,1913.140015,80.717056,2422.090088,15439.91992,6,10.995276
2022-06-29,14599.58984,11177.88965,3361.52002,77.540001,2059.516113,2059.516113,380.469025,15799.09961,11740.17,7671.058594,19078.59961,10811.75,159.649994,1908.310059,81.681488,2377.98999,15240.12988,6.38,10.808496
2022-06-30,14487.63965,11028.74023,3398.620117,77.900002,1931.752075,1931.752075,381.853973,15780.25,11590.31,7603.314453,18861.40039,10741.20996,159.600006,1872.680054,80.41198,2332.639893,14825.73047,6.38,10.818367
2022-07-01,14636.75977,11127.84961,3387.639893,77.160004,1946.550903,1946.550903,381.853973,15752.04981,11590.31,7529.592285,18861.40039,10770.40039,154.449997,1875.939941,80.28405,2305.419922,14343.08008,5.92,11.045394
2022-07-04,14636.75977,11127.84961,3405.429932,77.120003,2020.052246,2020.052246,369.98288,15835.34961,11361.22,7679.028809,19028.90039,10881.96973,156.649994,1893.560059,81.110703,2300.340088,14217.05957,5.92,10.936816
2022-07-05,14499.49023,11322.24023,3404.030029,75,2032.384644,2032.384644,366.421539,15810.84961,11261.91,7402.07373,18834.19922,10702.5,155.300003,1866.160034,81.504349,2341.780029,14349.2002,5.92,11.124362
2022-07-06,14465.29004,11361.84961,3355.350098,76.980003,2036.824341,2036.824341,363.849457,15989.79981,11418.81,7639.179199,18729.69922,10840.59961,160.600006,1918.670044,83.029732,2292.01001,13985.50977,5.92,10.966428
2022-07-07,14676.5,11621.34961,3364.399902,76.519997,2056.556152,2056.556152,366.619385,16132.90039,11418.81,7553.502441,19063.19922,10940.98047,158.75,1954.579956,84.417328,2334.27002,14336.26953,6.49,11.213198
2022-07-08,14642.33008,11635.30957,3356.080078,76.620003,2062.968994,2062.968994,371.763519,16220.59961,11418.81,7583.389648,19022.90039,11015.03027,159.949997,1971.040039,83.787498,2350.610107,14464.53027,6.23,11.292164
2022-07-11,14502.42969,11372.59961,3313.580078,76.440002,2089.11377,2089.11377,362.464508,16216,11418.81,7633.20166,18816.80078,11027.16016,160.949997,1937.48999,82.262115,2340.27002,14340.53027,6.27,10.630823
2022-07-12,14395.04004,11264.73047,3281.469971,78,2083.194336,2083.194336,359.69458,16058.29981,11418.81,7700.945801,18678.59961,11069.83008,160.949997,1968.810059,83.216705,2317.76001,13950.62012,6.08,10.403794
2022-07-13,14340.28027,11247.58008,3284.290039,77.620003,2081.221191,2081.221191,356.924622,15966.65039,11280.09,7645.15625,18615.19922,10904.84961,165.199997,1931.27002,83.757973,2328.610107,14324.67969,6.08,10.147154
2022-07-14,14171.24023,11251.19043,3281.73999,75.559998,2061.982422,2061.982422,358.111755,15938.65039,11308.2,7597.336914,18329.09961,10799.51953,160.199997,1903.51001,83.56115,2322.320068,14438.51953,6.08,10.147154
2022-07-15,14449.67969,11452.41992,3228.060059,74.900002,2071.848389,2071.848389,348.219177,16049.2002,11308.2,7521.622559,18394.5,10982.08984,159.600006,1903.819946,84.063049,2330.97998,14550.62012,6.25,9.900385
2022-07-18,14403.17969,11360.04981,3278.100098,75.699997,2071.848389,2071.848389,351.978333,16278.5,11582.51,7621.246582,18595.59961,11010.17969,161,1930.5,83.246231,2375.25,14719.63965,6.45,10.137284
2022-07-19,14766.59961,11713.15039,3279.429932,76.18,2059.516113,2059.516113,347.62561,16340.54981,11810.1,7659.104004,18937.69922,11122.08008,162.550003,1961.119995,83.393845,2370.969971,14694.08008,6.41,10.078059
2022-07-20,14778.46973,11897.65039,3304.719971,77.400002,2120.684814,2120.684814,356.13324,16520.84961,11930.99,7766.697754,19020.69922,11059.49023,163.600006,1961.310059,85.076683,2386.850098,14733.21973,5.73,10.403794
2022-07-21,14871.12988,12059.61035,3272,78.080002,2143.869873,2143.869873,349.010559,16605.25,11982.09,7864.32959,19062.90039,11134.74023,165.100006,1975.969971,84.653511,2409.159912,14937.7002,6.2,10.867721
2022-07-22,14790.79004,11834.11035,3269.969971,77.459999,2171.987793,2171.987793,347.823486,16719.44922,11982.09,7822.487305,18982.90039,11096.12012,161.149994,1979.699951,85.125893,2393.139893,14949.36035,6.2,10.581469
2022-07-25,14899.08984,11782.66992,3250.389893,77.379997,2159.162109,2159.162109,351.978333,16631,11912.85,7782.637695,19104.5,11129.34961,161.600006,1970.890015,85.539215,2403.689941,14936.33008,5.9,10.591338
2022-07-26,14793.54981,11562.57031,3277.439941,75.620003,2159.162109,2159.162109,364.245178,16483.84961,12004.92,7800.570313,18972.69922,11102.30957,161.5,1962.969971,84.978271,2412.959961,14806.78027,5.9,10.591338
2022-07-27,15031.04004,12032.41992,3275.76001,75.660004,2128.577637,2128.577637,363.453766,16641.80078,12122.98,7838.427246,19254.59961,11056.74023,165.25,1971.380005,85.214455,2415.530029,14921.58984,6.82,10.739401
2022-07-28,15198.80957,12162.58984,3282.580078,77.300003,2085.660889,2085.660889,363.651611,16929.59961,12225.31,7878.276855,19456.69922,11129.33008,168.649994,1996.02002,85.627792,2435.27002,14891.90039,6.35,11.114491
2022-07-29,15327.70996,12390.69043,3253.23999,79.480003,2080.234619,2080.234619,355.143982,17158.25,12225.31,7967.938477,19692.90039,11145.91016,170.5,2032.530029,86.857933,2451.5,15000.07031,6.35,10.946688
2022-08-01,15286.00977,12368.98047,3259.959961,79.839996,2114.765381,2114.765381,358.507446,17340.05078,12334.02,7957.976074,19692.90039,11145.91016,173.050003,2011.109985,87.143326,2452.25,14981.69043,6.67,10.729529
2022-08-02,15162.67969,12348.75977,3186.27002,78.019997,2074.314941,2074.314941,346.636353,17345.44922,12290.3,7973.916016,19505.30078,11118.09961,172.399994,1993.920044,89.082031,2439.620117,14747.23047,6.69,10.660436
2022-08-03,15267.16016,12668.16016,3163.669922,79.400002,2100.459717,2100.459717,345.251404,17388.15039,12292.72,8089.47998,19545.90039,11178.99023,174.550003,2005.579956,86.060799,2461.449951,14777.01953,6.63,11.015782
2022-08-04,15224.20996,12720.58008,3189.040039,80.239998,2109.339111,2109.339111,352.96759,17382,12314.08,8113.389648,19577,11202.66016,174.550003,2020.829956,85.913185,2473.110107,14702.2002,7.15,11.74622
2022-08-05,15273.23047,12657.54981,3227.030029,81.160004,2135.483887,2135.483887,354.154724,17397.5,12314.08,8246.886719,19620.09961,11123.07031,174,1998.569946,84.368126,2490.800049,15036.04004,6.96,11.914022
2022-08-08,15305.79981,12644.45996,3236.929932,82.199997,2142.389893,2142.389893,352.374084,17525.09961,12314.47,8274.78125,19669.19922,11166.32031,174.75,2017.150024,82.921478,2493.100098,15020.41016,7.1,12.289112
2022-08-09,15264.79004,12493.92969,3247.429932,82.599998,2126.111084,2126.111084,348.614868,17525.09961,12346.11,8300.683594,19578.30078,11132.48047,174.899994,1987.680054,83.315125,2503.459961,15050.28027,7.1,12.091697
2022-08-10,15552.7002,12854.79981,3230.02002,82.32,2118.218506,2118.218506,340.50296,17534.75,12471.84,8248.878906,19885.90039,11155.09961,172.699997,2025.47998,82.586876,2480.879883,14939.01953,7.1,12.210147
2022-08-11,15602.92969,12779.91016,3281.669922,79.639999,2118.218506,2118.218506,344.262146,17659,12548.38,8270.795898,19991.90039,11154.58008,170.050003,2024.47998,82.852592,2523.780029,15197.84961,7.1,11.992989
2022-08-12,15804.37988,13047.19043,3276.889893,77.519997,2142.883301,2142.883301,344.855682,17698.15039,12548.38,8153.239746,20179.80078,11128.24023,164.5,2032.51001,81.258324,2527.939941,15288.96973,7.1,12.930714
2022-08-15,15794.33008,13128.04981,3276.090088,78.260002,2162.121826,2162.121826,343.075012,17698.15039,12542.15,8408.277344,20180.59961,11171.54004,168.949997,2036.670044,81.740532,2527.939941,15417.34961,7.1,13.029421
2022-08-16,15846.79004,13102.54981,3277.879883,78.040001,2152.749268,2152.749268,342.877167,17825.25,12554.49,8340.533203,20270,11130.44043,168.199997,2058.939941,82.901794,2533.52002,15420.57031,6.92,12.950454
2022-08-17,15734.11035,12938.12012,3292.530029,76.699997,2193.692871,2193.692871,337.535187,17944.25,12659.95,8402.299805,20181.40039,11128.19043,168.5,2034.76001,83.295441,2516.469971,15465.4502,7.13,12.703685
2022-08-18,15763.90039,12965.33984,3277.540039,76.720001,2170.507813,2170.507813,330.808197,17956.5,12626.98,8532,20265.40039,11167.58984,170.800003,2053.330078,79.978973,2508.050049,15396.75977,7.13,12.683944
2022-08-19,15588.32031,12705.21973,3258.080078,76.879997,2142.389893,2142.389893,330.610382,17758.44922,12626.98,8560,20111.40039,11156.71973,170.800003,2037.969971,80.69738,2492.689941,15408.78027,6.8,12.348337
2022-08-22,15341.84961,12381.57031,3277.790039,77.099998,2132.523926,2132.523926,326.455475,17490.69922,12541.38,8582,19974.90039,11085.83984,170.949997,1995.98999,80.520233,2462.5,15245.13965,6.64,12.141051
2022-08-23,15338.15039,12381.29981,3276.219971,76.599998,2117.231689,2117.231689,323.883392,17577.5,12420.43,8334,19985.40039,10933.05957,169.050003,1985.630005,79.624695,2435.340088,15095.88965,6.9,12.269371
2022-08-24,15392.05957,12431.53027,3215.199951,77.139999,2115.258545,2115.258545,316.562866,17604.94922,12480.55,8400,20021.40039,11012.87012,171.25,1983.579956,78.522484,2447.449951,15069.19043,6.9,12.298984
2022-08-25,15595.24023,12639.26953,3246.25,77.099998,2140.910156,2140.910156,328.0383,17522.44922,12475.16,8410,20172.30078,11063.87988,171.75,1987.319946,78.148521,2477.26001,15200.04004,6.56,12.604978
2022-08-26,15178.20996,12141.70996,3236.219971,75.720001,2134.497314,2134.497314,325.268341,17558.90039,12475.16,8268,19873.30078,10942.16016,169.550003,1956.170044,78.630737,2481.030029,15278.44043,6.82,12.269371
2022-08-29,15118.84961,12017.66992,3240.72998,75.260002,2044.223755,2044.223755,317.75,17312.90039,12561.1,8268,19836.09961,10896.74023,169.449997,1940.130005,76.997101,2426.889893,14926.19043,6.82,12.180533
2022-08-30,14931.41992,11883.13965,3227.219971,74.18,2079.247803,2079.247803,316.399994,17759.30078,12431.98,8176,19512.90039,10884.9502,168.399994,1942.430054,77.144722,2450.929932,14953.62988,6.82,12.032472
2022-08-31,14801.24023,11816.2002,3202.139893,73.800003,2056.556152,2056.556152,317.799988,17759.30078,12253.13,8102,19330.80078,10855.03027,168.449997,1920.22998,77.203766,2472.050049,15095.44043,6.82,11.696867
2022-09-01,14771.90039,11785.12988,3184.97998,72.040001,2031.398071,2031.398071,311.399994,17542.80078,12107.74,7928,19142.69922,10663.44043,165.850006,1875.48999,77.05616,2415.610107,14801.86035,6.12,11.943636
2022-09-02,14689.5,11630.86035,3186.47998,74.32,2034.851196,2034.851196,314.399994,17539.44922,12107.74,8006,19270.90039,10891.70996,170.25,1925.040039,76.760918,2409.409912,14673.04004,6.1,12.476657
2022-09-06,14631.51953,11544.91016,3243.449951,71.779999,2007.719849,2007.719849,306.799988,17655.59961,11983.86,7968,19088.19922,10834.17969,167.350006,1903.25,74.034927,2410.02002,14677.2002,6.13,12.229887
2022-09-07,14844.57031,11791.90039,3246.290039,70.660004,2040.770752,2040.770752,304.399994,17624.40039,11886.51,7944,19241.40039,10805.16016,168.949997,1897.76001,74.339996,2376.459961,14410.04981,6.13,12.229887
2022-09-08,14961.76953,11862.12988,3235.590088,70.739998,2063.955811,2063.955811,302,17798.75,11951.03,8004,19413,10790.32031,169.75,1907.310059,74.93,2384.280029,14583.41992,6.13,12.832006
2022-09-09,15190.79004,12112.30957,3262.050049,70.379997,2067.9021,2067.9021,311,17833.34961,11951.03,8004,19773.30078,10900.24023,170.149994,1934.060059,74.400002,2384.280029,14583.41992,5.8,12.782651
2022-09-12,15352.17969,12266.41016,3262.050049,71.040001,2066.915527,2066.915527,311,17936.34961,12035.45,8098,19987.19922,10990.75,172,1974.540039,75.309998,2384.280029,14807.42969,6.74,13.078773
2022-09-13,14820.79004,11633.57031,3263.800049,69.82,2074.314941,2074.314941,308.799988,18070.05078,11871.41,8004,19645.40039,10891.54004,171.600006,1938.22998,75.25,2449.540039,14894.41016,6.15,12.713555
2022-09-14,14843.20996,11719.67969,3237.540039,69.779999,2015.612549,2015.612549,300.600006,18003.75,11920.15,7900,19726.09961,10754.40039,172.350006,1916.359985,72.779999,2411.419922,14658.30957,6.15,12.614848
2022-09-15,14722.03027,11552.36035,3199.919922,69.339996,2002.293579,2002.293579,303.600006,17877.40039,11807.59,7802,19560.19922,10746.7002,172.199997,1911.790039,74.019997,2401.830078,14670.04004,6.15,12.397691
2022-09-16,14573.91016,11448.40039,3126.399902,68.879997,1993.414185,1993.414185,295.600006,17530.84961,11807.59,7786,19385.90039,10610.65039,170.300003,1881.51001,72.099998,2382.780029,14561.75977,6.15,12.220016
2022-09-19,14674.45996,11535.01953,3115.600098,69.019997,1993.414185,1993.414185,291.399994,17622.25,11523.93,7786,19562.40039,10617.00977,171.649994,1877.920044,72.32,2355.659912,14425.67969,5.83,13.049162
2022-09-20,14474.71973,11425.04981,3122.409912,65.239998,2018.572388,2018.572388,292.600006,17816.25,11498.37,7548,19368.69922,10476.54004,169.800003,1856.670044,72.349998,2367.850098,14549.29981,5.95,13.463735
2022-09-21,14236.61035,11220.19043,3117.179932,65.919998,1987.987915,1987.987915,289.200012,17718.34961,11201.19,7728,19184.5,10429.40039,170.5,1878.77002,71.989998,2347.209961,14424.51953,6.04,13.14787
2022-09-22,14116.58984,11066.80957,3108.909912,63.759998,1999.827026,1999.827026,281,17629.80078,11201.19,7468,19002.69922,10297.65039,168,1837.910034,71.989998,2332.310059,14284.62988,6.09,13.266317
2022-09-23,13796.99023,10867.92969,3088.370117,63.5,1999.827026,1999.827026,277.399994,17327.34961,11201.19,7468,18481,10137.78027,165.699997,1817.959961,71.589996,2290,14118.37988,5.95,13.29897
2022-09-26,13580.38965,10802.91992,3051.22998,63.779999,1931.258789,1931.258789,279.600006,17016.30078,10981.28,7489.151855,18327,10072.62012,165.899994,1811.780029,71.75,2220.939941,13778.19043,5.95,12.782505
2022-09-27,13541.75977,10829.5,3093.860107,64.559998,1933.72522,1933.72522,280.799988,17007.40039,11121.36,7622,18307.90039,10126.42969,166.449997,1829.369995,70.279999,2223.860107,13826.58984,5.8,12.663321
2022-09-28,13833.17969,11051.63965,3045.070068,65.139999,1913.5,1913.5,273.399994,16858.59961,11253.33,7696,18648.90039,10220.75977,166.850006,1838.77002,71.43,2169.290039,13466.07031,5.8,12.762642
2022-09-29,13608.29004,10737.50977,3041.199951,64.360001,1952,1952,269.600006,16818.09961,11420.66,7598,18441.80078,10126.99023,167.899994,1794.390015,73.139999,2170.929932,13534.25977,5.54,12.514341
2022-09-30,13472.17969,10575.62012,3024.389893,65.099998,1952.5,1952.5,269.600006,17094.34961,11420.66,7628,18444.19922,10267.54981,168.25,1828.97998,71.760002,2155.48999,13424.58008,5.91,12.961282
2022-10-03,13855.71973,10815.42969,3024.389893,65.900002,1946,1946,266.600006,16887.34961,11711.15,7640,18881.19922,10290.70996,169.449997,1839.51001,71.32,2155.48999,13300.48047,5.32,13.785639
2022-10-04,14319.49023,11176.41016,3024.389893,67.5,2003.5,2003.5,266.600006,17274.30078,11862.97,7718,19371,10590.91992,171.5,1909.640015,71.68,2209.379883,13576.51953,5.65,14.381559
2022-10-05,14262.03027,11148.63965,3024.389893,67.919998,2016.5,2016.5,284.799988,17274.30078,11802.63,7790,19235.09961,10477.69043,173.699997,1882.920044,72.739998,2215.219971,13801.42969,5.65,14.62986
2022-10-06,14087.37988,11073.30957,3024.389893,67.300003,2029,2029,284.399994,17331.80078,11758.44,7682,18979,10391.12988,170.75,1883.040039,72.110001,2237.860107,13892.04981,5.65,14.72918
2022-10-07,13798.25977,10652.40039,3024.389893,65.120003,1992.5,1992.5,281,17314.65039,11758.44,7546,18583.09961,10308.57031,167.5,1841.77002,70.730003,2232.840088,13702.28027,5.65,14.699385
2022-10-11,13608.08984,10426.19043,2979.790039,63.400002,1922,1922,268.399994,16983.55078,11533,7434,18216.69922,10207.83008,166,1834.099976,67.639999,2192.070068,13106.03027,5.29,14.252444
2022-10-12,13546.79981,10417.09961,3025.51001,61.540001,1917,1917,270.200012,17123.59961,11548.12,7356,18206.30078,10199.32031,162.850006,1834.359985,66.419998,2202.469971,13081.24023,5.61,14.252444
2022-10-13,13888.96973,10649.15039,3016.360107,61.720001,1897,1897,258.399994,17014.34961,11440.18,7300,18613.59961,10227.90039,162.699997,1856.859985,65.989998,2162.870117,12810.73047,5.49,13.805503
2022-10-14,13607.30957,10321.38965,3071.98999,62.599998,1993,1993,246.600006,17185.69922,11440.18,7292,18326.40039,10329.33984,162.449997,1869.02002,68.050003,2212.550049,13128.12012,5.49,13.79557
2022-10-17,13923.20996,10675.79981,3084.939941,62.779999,1966,1966,252.199997,17311.80078,11624.66,7324,18621,10498.70996,163.149994,1908.380005,67.129997,2219.709961,12966.04981,5.49,14.053803
2022-10-18,14089.2002,10772.40039,3080.959961,63.68,1981,1981,258,17486.94922,11814.28,7474,18798.19922,10578.75977,164.75,1938.560059,67.540001,2249.949951,13124.67969,5.55,13.904823
2022-10-19,13947.25977,10680.50977,3044.379883,62.66,1978,1978,252.800003,17512.25,11801.39,7460,18674.40039,10484.13965,163.300003,1926.439941,67.080002,2237.439941,12976.75977,5.55,14.153124
2022-10-20,13840.46973,10614.83984,3035.050049,62.919998,1962,1962,255.800003,17563.94922,12035.59,7416,18579.30078,10473.4502,157.199997,1905.98999,66.379997,2218.090088,12946.09961,5.55,13.904823
2022-10-21,14144.04981,10859.71973,3038.929932,62.939999,1953,1953,252,17576.30078,12035.59,7350,18861,10418.59961,160.75,1901.51001,65.580002,2213.120117,12819.2002,5.55,14.53054
2022-10-24,14226.11035,10952.61035,2977.560059,63.32,1955.5,1955.5,228.199997,17730.75,12080.05,7366,18918.40039,10595.53027,161.800003,1938.72998,66.389999,2236.159912,12856.98047,5.15,13.944551
2022-10-25,14440.69043,11199.12012,2976.280029,64.5,1967,1967,224,17656.34961,11983.52,7440,19097,10773.33984,162.699997,1965.290039,66.279999,2235.070068,12666.12012,5.15,13.755843
2022-10-26,14531.69043,10970.99023,2999.5,65.599998,2000,2000,233.600006,17656.34961,11781.16,7546,19279.80078,10817.20996,165.550003,1970.060059,66.349998,2249.560059,12729.04981,5.36,13.090398
2022-10-27,14569.90039,10792.66992,2982.899902,65.160004,1930.5,1930.5,225.800003,17736.94922,11728.53,7578,19352.09961,10706.62012,164.050003,1968.22998,66.699997,2288.780029,12926.37012,5.36,13.785639
2022-10-28,14795.62988,11102.4502,2915.929932,65.300003,1941.5,1941.5,214.800003,17786.80078,11728.53,7586,19471.19922,10772.37012,165.800003,1974.280029,65.25,2268.399902,12788.41992,5.56,14.0836
2022-10-31,14747.03027,10988.15039,2893.47998,64.300003,1953.5,1953.5,209,18012.19922,11677.03,7566,19426.09961,10827.92969,164.649994,1968.530029,67.699997,2293.610107,12949.75,5.35,14.937754
2022-11-01,14790.70996,10890.84961,2969.199951,64.419998,1937.5,1937.5,226.399994,18145.40039,11500.32,7620,19517.69922,10783.65039,162.050003,1974.98999,67.120003,2335.219971,13037.20996,5.35,15.017209
2022-11-02,14497.84961,10524.79981,3003.370117,64.400002,1960,1960,236.199997,18082.84961,11463.48,7660,19277,10806.23047,162.149994,1980.52002,67.529999,2336.870117,13100.16992,5.3,15.017209
2022-11-03,14455.66992,10342.94043,2997.810059,63.48,1960,1960,229.800003,18052.69922,11560.72,7612,19241.19922,10710.58984,159.850006,1960.060059,66.57,2329.169922,12986.59961,5.64,15.275441
2022-11-04,14702.76953,10475.25,3070.800049,64.379997,1910,1910,246.199997,18117.15039,11560.72,7700,19449.80078,10787.76953,158.649994,1999.01001,67.739998,2348.429932,13026.70996,5.76,15.493946
2022-11-07,14808.62988,10564.51953,3077.820068,65.400002,1916.5,1916.5,259.600006,18202.80078,11592.06,7750,19545.90039,10750.38965,161.600006,2008.619995,68.160004,2371.790039,13223.73047,5.58,15.195986
2022-11-08,14889.29981,10616.2002,3064.48999,65.480003,1946,1946,261.600006,18202.80078,11467.88,7786,19660.30078,10827.04004,161.25,2035.98999,68.879997,2399.040039,13347.75977,5.58,15.225781
2022-11-09,14587.75977,10353.16992,3048.169922,65.779999,1932,1932,260,18157,11369.53,7888,19344.30078,10904.33008,162.699997,2033.119995,69.5,2424.409912,13638.80957,5.77,15.136394
2022-11-10,15234.71973,11114.15039,3036.129883,68.419998,1913.5,1913.5,255.800003,18028.19922,11346.94,8072,19990.40039,11120.49023,163.300003,2106.110107,68.980003,2402.22998,13503.75977,5.65,13.219514
2022-11-11,15352.69043,11323.33008,3087.290039,70.080002,2021.5,2021.5,284.600006,18349.69922,11346.94,8220,20111.5,11127.15039,162.149994,2108.669922,71.269997,2483.159912,14007.55957,6.13,12.494476
2022-11-14,15228.98047,11196.21973,3083.399902,69.300003,2005.5,2005.5,291.799988,18329.15039,11213.53,8022,19921.80078,10999.58984,161.949997,2107.98999,70.540001,2474.649902,14174.90039,6.08,12.385225
2022-11-15,15381,11358.41016,3134.080078,70,1990.5,1990.5,309.200012,18403.40039,11074.91,7986,19994.80078,11026.21973,164.949997,2098.01001,71.120003,2480.330078,14546.30957,5.6,12.385225
2022-11-16,15265.25,11183.66016,3119.97998,69.080002,1975,1975,304.799988,18409.65039,11163.32,7996,19958,10936.62012,169.75,2075.02002,71.129997,2477.449951,14537.34961,5.71,12.315701
2022-11-17,15223.95996,11144.95996,3115.429932,69.419998,1972,1972,303.399994,18343.90039,11139.72,8036,19884.59961,10917.87988,169.350006,2067.080078,71,2442.899902,14535.23047,6.04,11.570799
2022-11-18,15309.76953,11146.05957,3097.23999,70.120003,1967,1967,301,18307.65039,11139.72,8122,19980.90039,11045.49023,170.399994,2087.370117,72.800003,2444.47998,14504.99023,6.05,11.789304
2022-11-21,15278.25977,11024.50977,3085.043945,69.5,1957,1957,292.200012,18159.94922,10921.21,8166,19977.09961,11085.04004,171.350006,2082.570068,71.489998,2419.5,14449.38965,6.15,11.968081
2022-11-22,15481.75977,11174.41016,3088.943115,70.099998,1971.5,1971.5,284.799988,18244.19922,10944.69,8164,20220,11074.29981,172.100006,2096.560059,71.290001,2405.27002,14542.2002,6.03,11.908487
2022-11-23,15545.51953,11285.32031,3096.906982,70.639999,1971.5,1971.5,288.600006,18267.25,10944.69,8232,20282.30078,11094.45996,174.149994,2109.840088,71.57,2418.01001,14608.54004,6.23,11.908487
2022-11-24,15545.51953,11285.32031,3089.310059,71.160004,2018.5,2018.5,291.399994,18484.09961,10935.48,8080,20344.09961,11157.55957,173.399994,2106.75,71.470001,2441.330078,14784,6.23,12.573933
2022-11-25,15605.66992,11226.36035,3101.689941,70.860001,2007.5,2007.5,287.600006,18512.75,10935.48,8116,20383.80078,11168.03027,173.100006,2116.73999,72.440002,2437.860107,14778.50977,6.23,11.968081
2022-11-28,15370.44043,11049.5,3078.550049,71.580002,2015.5,2015.5,279,18562.75,10761.95,8138,20220.5,11162.16016,173.899994,2096.379883,72.709999,2408.27002,14556.87012,5.98,11.997876
2022-11-29,15433.45996,10983.78027,3149.75,71.779999,1999,1999,300,18618.05078,10749.86,8044,20277.40039,11077.80957,172.5,2092.23999,69.330002,2433.389893,14709.63965,6.15,12.464681
2022-11-30,15780.01953,11468,3151.340088,72.739998,1975.5,1975.5,306,18758.34961,10928.97,8248,20453.30078,11127.76953,175.899994,2102.419922,70.470001,2472.530029,14879.54981,5.88,12.643456
2022-12-01,15761.12012,11482.4502,3165.469971,73.839996,1983.5,1983.5,317.200012,18812.5,10853.78,8270,20525.5,11238.2002,178.300003,2125.090088,70.580002,2479.840088,15012.79981,5.88,12.325632
2022-12-02,15767.01953,11461.5,3156.139893,73.860001,1968,1968,315.200012,18696.09961,10853.78,8272,20485.69922,11198.12988,178.600006,2129.469971,70.559998,2434.330078,14970.67969,5.88,12.613661
2022-12-05,15474.79004,11239.94043,3211.810059,73.459999,1955.5,1955.5,329.399994,18701.05078,10405.83,7980,20242.30078,11194.66992,174.600006,2139.689941,70.190002,2419.320068,14980.74023,5.88,12.0674
2022-12-06,15328.45996,11014.88965,3212.530029,72.400002,1937,1937,330,18642.75,10443.52,7850,19990.19922,11109.33008,173.399994,2111.280029,68.440002,2393.159912,14728.87988,5.8,12.097197
2022-12-07,15311.79004,10958.54981,3199.620117,71.800003,1916.5,1916.5,321.200012,18560.5,10209.21,7888,19973.19922,11009.9502,172.75,2088.429932,68.25,2382.810059,14630.00977,6.03,12.16672
2022-12-08,15399.94043,11082,3197.350098,70,1923.5,1923.5,335.600006,18609.34961,10263.99,7380,19969.19922,11004.53027,171.899994,2091.879883,68.139999,2371.080078,14553.04004,6.03,11.660187
2022-12-09,15291.04981,11004.62012,3206.949951,70.760002,1933,1933,345.799988,18496.59961,10263.99,7406,19947.09961,11068.29981,172.149994,2116.449951,68.010002,2389.040039,14705.42969,6.03,11.660187
2022-12-12,15468.66992,11143.74023,3179.040039,69.68,1927,1927,339.200012,18497.15039,10077.88,7626,20019.69922,11033.63965,168.449997,2108.919922,68.080002,2373.02002,14612.58984,5.88,11.372159
2022-12-13,15562.54004,11256.80957,3176.330078,71.739998,1935,1935,343.200012,18608,10289.82,7608,20023.5,11136.62012,168.449997,2140.699951,69,2372.399902,14522.95996,5.88,11.312567
2022-12-14,15494.98047,11170.88965,3176.530029,71.800003,1925,1925,343.600006,18660.30078,10232.49,7614,19891.69922,11160.69043,168.899994,2139.030029,69.139999,2399.25,14739.36035,6.1,11.699915
2022-12-15,15182.28027,10810.53027,3168.649902,70.220001,1897,1897,335,18414.90039,10268.56,7468,19600.59961,10880.13965,166.550003,2079.52002,68.75,2360.969971,14734.12988,5.75,11.451614
2022-12-16,15018.16992,10705.41016,3167.85791,69.160004,1866.5,1866.5,332.799988,18269,10268.56,7340,19443.30078,10770.37988,165.850006,2046.089966,68.269997,2360.02002,14528.54981,5.75,11.28277
2022-12-19,14938.03027,10546.03027,3107.120117,69.099998,1888.5,1888.5,329.600006,18420.44922,10159.91,7134,19200.80078,10773.23047,164.600006,2047.97998,67.199997,2352.169922,14433.32031,5.7,12.007808
2022-12-20,15000.62012,10547.11035,3073.77002,68.519997,1825,1825,325,18385.30078,10298.12,7104,19306.90039,10659.19043,162.100006,2036.420044,66.889999,2333.290039,14170.03027,5.6,12.534205
2022-12-21,15219.54981,10709.37012,3068.409912,69.639999,1855.5,1855.5,327.799988,18199.09961,10297.28,7154,19571.09961,10845.58984,165.050003,2065.129883,66.720001,2328.949951,14234.40039,5.79,12.474613
2022-12-22,15081.53027,10476.12012,3054.429932,70.040001,1874,1874,337.399994,18127.34961,10230.96,7188,19349.69922,10774.63965,163.550003,2043.300049,67.900002,2356.72998,14442.94043,5.71,12.236244
2022-12-23,15188.4502,10497.86035,3045.865967,70.120003,1884.5,1884.5,340,17806.80078,10230.96,7130,19506.69922,10804.67969,163.449997,2054.330078,67.610001,2313.689941,14271.62988,5.71,13.285341
2022-12-28,15037.32031,10213.29004,3087.399902,70,1892.5,1892.5,342.600006,18122.5,10482.07,7128,19284.09961,10812.66992,162.25,2052.76001,68.010002,2280.449951,14173.09961,6.11,13.335098
2022-12-29,15241.20996,10478.08984,3073.699951,70.580002,1892,1892,340,18191,10482.07,7212,19485.90039,10857.34961,163.850006,2075.310059,67.809998,2236.399902,14085.01953,6.25,13.146019
2022-12-30,15184.30957,10466.48047,3089.26001,69.160004,1897.5,1897.5,337.200012,18105.30078,10482.07,7136,19384.90039,10729.40039,161.399994,2043.400024,68.019997,2236.399902,14137.69043,6.25,13.146019
